{
  "algo": "masac",
  "run_name": "masac_s42",
  "total_episodes": 50,
  "total_steps": 5000,
  "mean_reward": 221.06744232177735,
  "mean_coverage": 12.743424000000003,
  "mean_victims": 12.562596976296838,
  "alpha": 0.1905767172574997,
  "ep_rewards": [
    168.12953186035156,
    204.2181396484375,
    66.05661010742188,
    128.70892333984375,
    4.62605094909668,
    255.89682006835938,
    297.64892578125,
    116.86053466796875,
    329.8216552734375,
    222.62911987304688,
    1158.34130859375,
    706.84326171875,
    108.76166534423828,
    214.9976806640625,
    82.98640441894531,
    58.112483978271484,
    489.63006591796875,
    45.90154266357422,
    177.29080200195312,
    142.92124938964844,
    109.81095886230469,
    41.46664047241211,
    295.0806579589844,
    23.835664749145508,
    -52.75272750854492,
    114.31156921386719,
    141.66610717773438,
    27.152484893798828,
    778.1387939453125,
    813.3665771484375,
    377.943359375,
    156.34274291992188,
    130.17501831054688,
    358.0572509765625,
    406.3342590332031,
    149.27903747558594,
    168.71994018554688,
    458.7041015625,
    144.80160522460938,
    326.6766052246094,
    343.8356018066406,
    130.542724609375,
    56.65028381347656,
    327.2127990722656,
    48.9464111328125,
    -42.282493591308594,
    136.11306762695312,
    -42.563323974609375,
    168.8910675048828,
    -23.467445373535156
  ],
  "ep_coverage": [
    10.2592,
    11.1872,
    11.3792,
    15.136,
    17.278399999999998,
    9.984,
    14.483199999999998,
    11.2224,
    9.1728,
    14.1376,
    13.081599999999998,
    9.7888,
    15.6864,
    14.312,
    9.6352,
    13.0192,
    10.7072,
    9.475200000000001,
    11.952,
    10.5632,
    7.5712,
    5.072,
    8.8768,
    8.6912,
    11.2512,
    11.067200000000001,
    17.9232,
    10.5696,
    21.235200000000003,
    23.28,
    21.665599999999998,
    10.08,
    15.9408,
    19.2624,
    12.603200000000001,
    16.497600000000002,
    12.598400000000002,
    16.7968,
    13.056000000000001,
    14.416,
    12.9376,
    10.2336,
    10.3728,
    12.4192,
    15.1664,
    12.0912,
    13.211200000000002,
    11.443200000000001,
    10.24,
    8.140799999999999
  ],
  "ep_victims": [
    15.625,
    12.121212121212121,
    5.555555555555555,
    8.823529411764707,
    3.125,
    12.903225806451612,
    14.285714285714285,
    11.428571428571429,
    16.666666666666664,
    11.11111111111111,
    45.714285714285715,
    31.03448275862069,
    7.142857142857142,
    15.625,
    6.0606060606060606,
    5.714285714285714,
    21.875,
    3.225806451612903,
    9.375,
    11.11111111111111,
    9.375,
    7.142857142857142,
    11.11111111111111,
    5.88235294117647,
    0.0,
    8.823529411764707,
    6.666666666666667,
    2.7777777777777777,
    37.5,
    38.23529411764706,
    25.806451612903224,
    9.090909090909092,
    8.823529411764707,
    21.428571428571427,
    17.647058823529413,
    9.090909090909092,
    8.823529411764707,
    22.58064516129032,
    6.25,
    18.181818181818183,
    20.0,
    6.666666666666667,
    6.666666666666667,
    16.666666666666664,
    6.896551724137931,
    0.0,
    10.344827586206897,
    3.4482758620689653,
    10.344827586206897,
    3.3333333333333335
  ],
  "ep_lengths": [
    100,
    100,
    100,
    100,
    100,
    100,
    100,
    100,
    100,
    100,
    100,
    100,
    100,
    100,
    100,
    100,
    100,
    100,
    100,
    100,
    100,
    100,
    100,
    100,
    100,
    100,
    100,
    100,
    100,
    100,
    100,
    100,
    100,
    100,
    100,
    100,
    100,
    100,
    100,
    100,
    100,
    100,
    100,
    100,
    100,
    100,
    100,
    100,
    100,
    100
  ],
  "uploaded_at": "2026-05-07 14:02:55",
  "episode": 50
}