{
  "algo": "mappo",
  "run_name": "mappo_s42",
  "total_episodes": 50,
  "total_steps": 5000,
  "mean_reward": 187.361307182312,
  "mean_coverage": 10.680832,
  "mean_victims": 11.19751010846918,
  "ep_rewards": [
    2.717336654663086,
    118.41227722167969,
    90.11643981933594,
    154.47552490234375,
    -49.53395080566406,
    121.08177185058594,
    252.25979614257812,
    69.82217407226562,
    553.9447631835938,
    24.745763778686523,
    819.5808715820312,
    635.707275390625,
    -50.25452423095703,
    77.93911743164062,
    615.1453857421875,
    59.112693786621094,
    319.0271911621094,
    90.02277374267578,
    290.4065856933594,
    53.46891784667969,
    186.5856170654297,
    -2.149749755859375,
    388.2353820800781,
    177.07525634765625,
    61.38227081298828,
    54.81520080566406,
    422.77886962890625,
    396.39251708984375,
    330.1765441894531,
    437.1413879394531,
    245.83346557617188,
    87.30006408691406,
    138.3956298828125,
    216.4164276123047,
    475.3658752441406,
    121.6854019165039,
    274.9291687011719,
    113.58649444580078,
    352.14190673828125,
    246.47787475585938,
    224.99520874023438,
    -3.5728893280029297,
    64.40341186523438,
    122.84980773925781,
    1.454559326171875,
    -56.64828872680664,
    -125.54796600341797,
    3.1737632751464844,
    124.70487976074219,
    39.48908233642578
  ],
  "ep_coverage": [
    11.0704,
    9.0032,
    13.2416,
    9.5088,
    13.467199999999998,
    13.758400000000002,
    10.3568,
    10.4496,
    7.8736,
    7.7696000000000005,
    11.8704,
    10.4432,
    8.947199999999999,
    10.1264,
    9.7424,
    11.0176,
    8.955200000000001,
    10.2736,
    8.6464,
    7.1952,
    14.4464,
    8.172799999999999,
    6.5248,
    14.4864,
    11.2416,
    8.4368,
    17.4976,
    17.7616,
    15.824,
    11.5776,
    14.7136,
    9.4208,
    12.208,
    14.3968,
    9.7344,
    15.6336,
    12.456,
    10.3344,
    11.1616,
    10.147200000000002,
    7.2336,
    10.1776,
    14.8208,
    6.1856,
    8.8048,
    6.2608,
    7.8528,
    10.4784,
    5.9856,
    6.348800000000001
  ],
  "ep_victims": [
    6.25,
    9.090909090909092,
    8.333333333333332,
    8.823529411764707,
    0.0,
    9.67741935483871,
    11.428571428571429,
    8.571428571428571,
    22.22222222222222,
    5.555555555555555,
    34.285714285714285,
    27.586206896551722,
    0.0,
    9.375,
    27.27272727272727,
    5.714285714285714,
    15.625,
    6.451612903225806,
    15.625,
    5.555555555555555,
    15.625,
    3.571428571428571,
    13.88888888888889,
    11.76470588235294,
    6.666666666666667,
    8.823529411764707,
    20.0,
    19.444444444444446,
    18.75,
    17.647058823529413,
    19.35483870967742,
    9.090909090909092,
    11.76470588235294,
    14.285714285714285,
    17.647058823529413,
    9.090909090909092,
    11.76470588235294,
    9.67741935483871,
    15.625,
    15.151515151515152,
    16.666666666666664,
    3.3333333333333335,
    6.666666666666667,
    5.555555555555555,
    3.4482758620689653,
    0.0,
    0.0,
    6.896551724137931,
    6.896551724137931,
    3.3333333333333335
  ],
  "ep_lengths": [
    100,
    100,
    100,
    100,
    100,
    100,
    100,
    100,
    100,
    100,
    100,
    100,
    100,
    100,
    100,
    100,
    100,
    100,
    100,
    100,
    100,
    100,
    100,
    100,
    100,
    100,
    100,
    100,
    100,
    100,
    100,
    100,
    100,
    100,
    100,
    100,
    100,
    100,
    100,
    100,
    100,
    100,
    100,
    100,
    100,
    100,
    100,
    100,
    100,
    100
  ],
  "uploaded_at": "2026-05-07 13:58:52",
  "episode": 50
}