{
  "algo": "matd3",
  "run_name": "matd3_s42",
  "total_episodes": 50,
  "total_steps": 5000,
  "mean_reward": 189.86457817077635,
  "mean_coverage": 15.343872,
  "mean_victims": 15.377331519455119,
  "ep_rewards": [
    73.97543334960938,
    207.52301025390625,
    175.64895629882812,
    439.677978515625,
    87.4324951171875,
    201.6445770263672,
    541.1279907226562,
    110.57269287109375,
    329.3099365234375,
    156.20359802246094,
    429.645751953125,
    550.1616821289062,
    -47.160362243652344,
    34.293556213378906,
    183.0633544921875,
    115.73947143554688,
    127.61294555664062,
    126.63636779785156,
    186.8681640625,
    -30.27224349975586,
    158.79891967773438,
    41.8999137878418,
    301.0157165527344,
    -4.580783843994141,
    184.0860595703125,
    -146.52040100097656,
    -173.939208984375,
    548.084228515625,
    399.0318298339844,
    396.9732666015625,
    109.68460083007812,
    106.45130920410156,
    292.2400817871094,
    274.4830627441406,
    113.98046112060547,
    117.73162841796875,
    314.6417541503906,
    336.93609619140625,
    150.3265838623047,
    -176.99143981933594,
    600.4122314453125,
    -200.7428741455078,
    363.3243713378906,
    382.64495849609375,
    674.4330444335938,
    345.2676086425781,
    -28.844886779785156,
    316.71087646484375,
    -120.92311096191406,
    -183.09234619140625
  ],
  "ep_coverage": [
    7.0656,
    11.8464,
    11.1568,
    8.476799999999999,
    7.8944,
    7.335999999999999,
    10.856,
    11.584,
    9.8448,
    9.028799999999999,
    12.152000000000001,
    9.1296,
    9.1952,
    5.3376,
    5.2848,
    8.8448,
    7.2576,
    8.4704,
    12.5168,
    6.4304,
    8.313600000000001,
    9.968,
    6.780799999999999,
    8.5376,
    11.0944,
    18.438399999999998,
    15.784,
    21.08,
    28.244799999999998,
    31.5936,
    12.808,
    27.217599999999997,
    17.985599999999998,
    27.8608,
    12.4176,
    14.0064,
    21.476799999999997,
    28.224,
    14.568,
    16.660800000000002,
    33.2368,
    10.8944,
    22.977600000000002,
    22.1696,
    36.8464,
    33.1712,
    12.723200000000002,
    20.952,
    23.1168,
    18.336
  ],
  "ep_victims": [
    9.375,
    12.121212121212121,
    8.333333333333332,
    17.647058823529413,
    6.25,
    12.903225806451612,
    25.71428571428571,
    8.571428571428571,
    16.666666666666664,
    11.11111111111111,
    20.0,
    24.137931034482758,
    0.0,
    6.25,
    9.090909090909092,
    5.714285714285714,
    6.25,
    9.67741935483871,
    15.625,
    2.7777777777777777,
    12.5,
    7.142857142857142,
    11.11111111111111,
    2.941176470588235,
    13.333333333333334,
    5.88235294117647,
    3.3333333333333335,
    36.11111111111111,
    21.875,
    29.411764705882355,
    16.129032258064516,
    18.181818181818183,
    20.588235294117645,
    25.0,
    14.705882352941178,
    15.151515151515152,
    23.52941176470588,
    32.25806451612903,
    15.625,
    6.0606060606060606,
    36.666666666666664,
    6.666666666666667,
    23.333333333333332,
    25.0,
    48.275862068965516,
    28.57142857142857,
    6.896551724137931,
    27.586206896551722,
    3.4482758620689653,
    3.3333333333333335
  ],
  "ep_lengths": [
    100,
    100,
    100,
    100,
    100,
    100,
    100,
    100,
    100,
    100,
    100,
    100,
    100,
    100,
    100,
    100,
    100,
    100,
    100,
    100,
    100,
    100,
    100,
    100,
    100,
    100,
    100,
    100,
    100,
    100,
    100,
    100,
    100,
    100,
    100,
    100,
    100,
    100,
    100,
    100,
    100,
    100,
    100,
    100,
    100,
    100,
    100,
    100,
    100,
    100
  ],
  "uploaded_at": "2026-05-07 14:00:55",
  "episode": 50
}