{
  "algo": "mappo",
  "stage": "extreme",
  "n_episodes": 30,
  "checkpoint": "/kaggle/working/uav_swarm/mappo_s42/checkpoint_final.pt",
  "reward_mean": -1279.0511901855468,
  "reward_std": 1220.761439470317,
  "reward_median": -1701.1567993164062,
  "coverage_mean": 0.77675875,
  "coverage_std": 0.12354171652893879,
  "victim_rate_mean": 0.7726950911290231,
  "victim_rate_std": 0.13889153898879447,
  "success_rate": 0.23333333333333334,
  "length_mean": 3865.133333333333,
  "rewards": [
    1948.9022216796875,
    1626.7845458984375,
    827.0908813476562,
    173.6488800048828,
    -29.639572143554688,
    -237.74185180664062,
    -697.4755249023438,
    -2239.930419921875,
    -848.2070922851562,
    -1048.6873779296875,
    -2173.29541015625,
    -1430.065185546875,
    -2601.273193359375,
    -2795.4794921875,
    -2529.68359375,
    -2008.8951416015625,
    -1892.7047119140625,
    -1803.6436767578125,
    -1660.731201171875,
    -2583.5458984375,
    -2182.229248046875,
    -505.4600830078125,
    -1475.5576171875,
    -2116.900634765625,
    -1784.4534912109375,
    -2269.41259765625,
    -1133.7314453125,
    -609.1685791015625,
    -1741.5823974609375,
    -2548.466796875
  ],
  "coverages": [
    0.90000625,
    0.900025,
    0.900325,
    0.90003125,
    0.90026875,
    0.9000437500000001,
    0.90003125,
    0.78673125,
    0.87466875,
    0.842725,
    0.5282625,
    0.89376875,
    0.77899375,
    0.7109062500000001,
    0.5906875,
    0.5511375,
    0.80810625,
    0.77110625,
    0.8759625,
    0.47328749999999997,
    0.7097,
    0.8742874999999999,
    0.6463499999999999,
    0.61343125,
    0.7393125,
    0.7342125,
    0.8326249999999998,
    0.8218125,
    0.81056875,
    0.7333874999999999
  ],
  "victim_rates": [
    0.9365079365079365,
    0.921875,
    0.90625,
    0.8852459016393442,
    0.8461538461538461,
    0.8939393939393939,
    0.8805970149253731,
    0.7,
    0.9322033898305084,
    0.9137931034482759,
    0.5846153846153846,
    0.8253968253968254,
    0.8571428571428571,
    0.5964912280701754,
    0.6268656716417911,
    0.546875,
    0.835820895522388,
    0.7727272727272727,
    0.8793103448275862,
    0.39705882352941174,
    0.5555555555555556,
    0.8615384615384616,
    0.7288135593220338,
    0.6206896551724138,
    0.7636363636363637,
    0.8507462686567164,
    0.8571428571428571,
    0.8305084745762712,
    0.6964285714285714,
    0.676923076923077
  ],
  "successes": [
    true,
    true,
    true,
    true,
    true,
    true,
    true,
    false,
    false,
    false,
    false,
    false,
    false,
    false,
    false,
    false,
    false,
    false,
    false,
    false,
    false,
    false,
    false,
    false,
    false,
    false,
    false,
    false,
    false,
    false
  ],
  "full_data": {
    "ep_rewards": [
      1948.9022216796875,
      1626.7845458984375,
      827.0908813476562,
      173.6488800048828,
      -29.639572143554688,
      -237.74185180664062,
      -697.4755249023438,
      -2239.930419921875,
      -848.2070922851562,
      -1048.6873779296875,
      -2173.29541015625,
      -1430.065185546875,
      -2601.273193359375,
      -2795.4794921875,
      -2529.68359375,
      -2008.8951416015625,
      -1892.7047119140625,
      -1803.6436767578125,
      -1660.731201171875,
      -2583.5458984375,
      -2182.229248046875,
      -505.4600830078125,
      -1475.5576171875,
      -2116.900634765625,
      -1784.4534912109375,
      -2269.41259765625,
      -1133.7314453125,
      -609.1685791015625,
      -1741.5823974609375,
      -2548.466796875
    ],
    "ep_coverages": [
      0.90000625,
      0.900025,
      0.900325,
      0.90003125,
      0.90026875,
      0.9000437500000001,
      0.90003125,
      0.78673125,
      0.87466875,
      0.842725,
      0.5282625,
      0.89376875,
      0.77899375,
      0.7109062500000001,
      0.5906875,
      0.5511375,
      0.80810625,
      0.77110625,
      0.8759625,
      0.47328749999999997,
      0.7097,
      0.8742874999999999,
      0.6463499999999999,
      0.61343125,
      0.7393125,
      0.7342125,
      0.8326249999999998,
      0.8218125,
      0.81056875,
      0.7333874999999999
    ],
    "ep_victim_rates": [
      0.9365079365079365,
      0.921875,
      0.90625,
      0.8852459016393442,
      0.8461538461538461,
      0.8939393939393939,
      0.8805970149253731,
      0.7,
      0.9322033898305084,
      0.9137931034482759,
      0.5846153846153846,
      0.8253968253968254,
      0.8571428571428571,
      0.5964912280701754,
      0.6268656716417911,
      0.546875,
      0.835820895522388,
      0.7727272727272727,
      0.8793103448275862,
      0.39705882352941174,
      0.5555555555555556,
      0.8615384615384616,
      0.7288135593220338,
      0.6206896551724138,
      0.7636363636363637,
      0.8507462686567164,
      0.8571428571428571,
      0.8305084745762712,
      0.6964285714285714,
      0.676923076923077
    ],
    "ep_successes": [
      true,
      true,
      true,
      true,
      true,
      true,
      true,
      false,
      false,
      false,
      false,
      false,
      false,
      false,
      false,
      false,
      false,
      false,
      false,
      false,
      false,
      false,
      false,
      false,
      false,
      false,
      false,
      false,
      false,
      false
    ],
    "n_episodes": 30
  }
}