{
  "algo": "masac",
  "stage": "extreme",
  "n_episodes": 30,
  "checkpoint": "/kaggle/working/uav_swarm/masac_s42/checkpoint_final.pt",
  "reward_mean": 810.7372116088867,
  "reward_std": 1651.108435103147,
  "reward_median": 1545.5242919921875,
  "coverage_mean": 0.8882956249999999,
  "coverage_std": 0.03780437823072161,
  "victim_rate_mean": 0.8849439984211919,
  "victim_rate_std": 0.06551021398949701,
  "success_rate": 0.7666666666666667,
  "length_mean": 2156.0666666666666,
  "rewards": [
    1702.0230712890625,
    2544.8037109375,
    2216.6982421875,
    2912.017333984375,
    2736.60986328125,
    2549.648193359375,
    2137.214111328125,
    2287.6962890625,
    1816.4697265625,
    2514.769287109375,
    1701.56005859375,
    2512.7216796875,
    2003.462646484375,
    1761.61669921875,
    1850.1556396484375,
    1021.5382690429688,
    1115.5223388671875,
    1389.488525390625,
    969.8719482421875,
    25.069686889648438,
    -822.1780395507812,
    -1474.3565673828125,
    -1538.056640625,
    -1850.01318359375,
    -853.9469604492188,
    -1995.596435546875,
    -1679.36865234375,
    -1357.8125,
    -371.5838928222656,
    -1503.9281005859375
  ],
  "coverages": [
    0.9001125000000001,
    0.9001625,
    0.90065,
    0.90096875,
    0.90075,
    0.90056875,
    0.9015,
    0.9006000000000001,
    0.90085,
    0.9004125,
    0.9004125,
    0.9001812499999999,
    0.90049375,
    0.90083125,
    0.90041875,
    0.9001,
    0.90106875,
    0.9003812500000001,
    0.90015625,
    0.90005625,
    0.9000625,
    0.9001,
    0.9001249999999998,
    0.7181125,
    0.891775,
    0.78788125,
    0.8915125,
    0.89560625,
    0.88199375,
    0.871025
  ],
  "victim_rates": [
    0.8571428571428571,
    0.9047619047619048,
    0.8333333333333334,
    0.9692307692307692,
    0.8484848484848485,
    0.9253731343283582,
    0.8793103448275862,
    0.9090909090909091,
    0.9310344827586207,
    0.9538461538461539,
    0.7543859649122807,
    0.9206349206349206,
    0.9152542372881356,
    0.8412698412698413,
    0.9253731343283582,
    0.864406779661017,
    0.9333333333333333,
    0.9701492537313433,
    0.890625,
    0.8793103448275862,
    0.8813559322033898,
    0.8888888888888888,
    0.9375,
    0.6875,
    0.9264705882352942,
    0.8208955223880597,
    0.7619047619047619,
    0.9076923076923077,
    0.9836065573770492,
    0.8461538461538461
  ],
  "successes": [
    true,
    true,
    true,
    true,
    true,
    true,
    true,
    true,
    true,
    true,
    true,
    true,
    true,
    true,
    true,
    true,
    true,
    true,
    true,
    true,
    true,
    true,
    true,
    false,
    false,
    false,
    false,
    false,
    false,
    false
  ],
  "full_data": {
    "ep_rewards": [
      1702.0230712890625,
      2544.8037109375,
      2216.6982421875,
      2912.017333984375,
      2736.60986328125,
      2549.648193359375,
      2137.214111328125,
      2287.6962890625,
      1816.4697265625,
      2514.769287109375,
      1701.56005859375,
      2512.7216796875,
      2003.462646484375,
      1761.61669921875,
      1850.1556396484375,
      1021.5382690429688,
      1115.5223388671875,
      1389.488525390625,
      969.8719482421875,
      25.069686889648438,
      -822.1780395507812,
      -1474.3565673828125,
      -1538.056640625,
      -1850.01318359375,
      -853.9469604492188,
      -1995.596435546875,
      -1679.36865234375,
      -1357.8125,
      -371.5838928222656,
      -1503.9281005859375
    ],
    "ep_coverages": [
      0.9001125000000001,
      0.9001625,
      0.90065,
      0.90096875,
      0.90075,
      0.90056875,
      0.9015,
      0.9006000000000001,
      0.90085,
      0.9004125,
      0.9004125,
      0.9001812499999999,
      0.90049375,
      0.90083125,
      0.90041875,
      0.9001,
      0.90106875,
      0.9003812500000001,
      0.90015625,
      0.90005625,
      0.9000625,
      0.9001,
      0.9001249999999998,
      0.7181125,
      0.891775,
      0.78788125,
      0.8915125,
      0.89560625,
      0.88199375,
      0.871025
    ],
    "ep_victim_rates": [
      0.8571428571428571,
      0.9047619047619048,
      0.8333333333333334,
      0.9692307692307692,
      0.8484848484848485,
      0.9253731343283582,
      0.8793103448275862,
      0.9090909090909091,
      0.9310344827586207,
      0.9538461538461539,
      0.7543859649122807,
      0.9206349206349206,
      0.9152542372881356,
      0.8412698412698413,
      0.9253731343283582,
      0.864406779661017,
      0.9333333333333333,
      0.9701492537313433,
      0.890625,
      0.8793103448275862,
      0.8813559322033898,
      0.8888888888888888,
      0.9375,
      0.6875,
      0.9264705882352942,
      0.8208955223880597,
      0.7619047619047619,
      0.9076923076923077,
      0.9836065573770492,
      0.8461538461538461
    ],
    "ep_successes": [
      true,
      true,
      true,
      true,
      true,
      true,
      true,
      true,
      true,
      true,
      true,
      true,
      true,
      true,
      true,
      true,
      true,
      true,
      true,
      true,
      true,
      true,
      true,
      false,
      false,
      false,
      false,
      false,
      false,
      false
    ],
    "n_episodes": 30
  }
}