{
  "algo": "matd3",
  "stage": "extreme",
  "n_episodes": 30,
  "checkpoint": "/kaggle/working/uav_swarm/matd3_s42/checkpoint_final.pt",
  "reward_mean": -1171.7661844889324,
  "reward_std": 753.6468924397491,
  "reward_median": -1290.283203125,
  "coverage_mean": 0.7557172916666668,
  "coverage_std": 0.05689215658547476,
  "victim_rate_mean": 0.7905182959316267,
  "victim_rate_std": 0.07877221858263844,
  "success_rate": 0.03333333333333333,
  "length_mean": 4084.8333333333335,
  "rewards": [
    2403.287353515625,
    -1513.828369140625,
    -1302.507080078125,
    -1374.3084716796875,
    -804.550537109375,
    -1068.520751953125,
    -1332.6661376953125,
    -1451.92041015625,
    -1219.119873046875,
    -1127.51220703125,
    -1564.23095703125,
    -1089.8238525390625,
    -1649.7001953125,
    -1791.753173828125,
    -1276.2957763671875,
    -1319.0040283203125,
    -817.298095703125,
    -1535.227783203125,
    -1250.81396484375,
    -1872.71142578125,
    -1345.376953125,
    -990.4683837890625,
    -595.8353881835938,
    -1822.4097900390625,
    -944.3643798828125,
    -552.901123046875,
    -2155.91162109375,
    -1358.2904052734375,
    -1278.059326171875,
    -1150.8624267578125
  ],
  "coverages": [
    0.90068125,
    0.65399375,
    0.80408125,
    0.7397500000000001,
    0.77173125,
    0.75456875,
    0.74678125,
    0.763725,
    0.8369125,
    0.80661875,
    0.63470625,
    0.7982124999999999,
    0.76219375,
    0.73285625,
    0.77829375,
    0.7685625,
    0.7970375,
    0.6550499999999999,
    0.71525625,
    0.75416875,
    0.7283625,
    0.715025,
    0.800925,
    0.64794375,
    0.7325875,
    0.8089749999999999,
    0.79315,
    0.78646875,
    0.7314,
    0.7515
  ],
  "victim_rates": [
    0.9701492537313433,
    0.7,
    0.8135593220338984,
    0.8103448275862069,
    0.8769230769230769,
    0.875,
    0.7777777777777778,
    0.7936507936507936,
    0.7894736842105263,
    0.859375,
    0.5970149253731343,
    0.8484848484848485,
    0.7758620689655172,
    0.6617647058823529,
    0.746268656716418,
    0.7619047619047619,
    0.8769230769230769,
    0.7301587301587301,
    0.8135593220338984,
    0.7241379310344828,
    0.7454545454545455,
    0.8125,
    0.8955223880597015,
    0.6507936507936508,
    0.7796610169491526,
    0.8333333333333334,
    0.7321428571428571,
    0.7846153846153846,
    0.7868852459016393,
    0.8923076923076924
  ],
  "successes": [
    true,
    false,
    false,
    false,
    false,
    false,
    false,
    false,
    false,
    false,
    false,
    false,
    false,
    false,
    false,
    false,
    false,
    false,
    false,
    false,
    false,
    false,
    false,
    false,
    false,
    false,
    false,
    false,
    false,
    false
  ],
  "full_data": {
    "ep_rewards": [
      2403.287353515625,
      -1513.828369140625,
      -1302.507080078125,
      -1374.3084716796875,
      -804.550537109375,
      -1068.520751953125,
      -1332.6661376953125,
      -1451.92041015625,
      -1219.119873046875,
      -1127.51220703125,
      -1564.23095703125,
      -1089.8238525390625,
      -1649.7001953125,
      -1791.753173828125,
      -1276.2957763671875,
      -1319.0040283203125,
      -817.298095703125,
      -1535.227783203125,
      -1250.81396484375,
      -1872.71142578125,
      -1345.376953125,
      -990.4683837890625,
      -595.8353881835938,
      -1822.4097900390625,
      -944.3643798828125,
      -552.901123046875,
      -2155.91162109375,
      -1358.2904052734375,
      -1278.059326171875,
      -1150.8624267578125
    ],
    "ep_coverages": [
      0.90068125,
      0.65399375,
      0.80408125,
      0.7397500000000001,
      0.77173125,
      0.75456875,
      0.74678125,
      0.763725,
      0.8369125,
      0.80661875,
      0.63470625,
      0.7982124999999999,
      0.76219375,
      0.73285625,
      0.77829375,
      0.7685625,
      0.7970375,
      0.6550499999999999,
      0.71525625,
      0.75416875,
      0.7283625,
      0.715025,
      0.800925,
      0.64794375,
      0.7325875,
      0.8089749999999999,
      0.79315,
      0.78646875,
      0.7314,
      0.7515
    ],
    "ep_victim_rates": [
      0.9701492537313433,
      0.7,
      0.8135593220338984,
      0.8103448275862069,
      0.8769230769230769,
      0.875,
      0.7777777777777778,
      0.7936507936507936,
      0.7894736842105263,
      0.859375,
      0.5970149253731343,
      0.8484848484848485,
      0.7758620689655172,
      0.6617647058823529,
      0.746268656716418,
      0.7619047619047619,
      0.8769230769230769,
      0.7301587301587301,
      0.8135593220338984,
      0.7241379310344828,
      0.7454545454545455,
      0.8125,
      0.8955223880597015,
      0.6507936507936508,
      0.7796610169491526,
      0.8333333333333334,
      0.7321428571428571,
      0.7846153846153846,
      0.7868852459016393,
      0.8923076923076924
    ],
    "ep_successes": [
      true,
      false,
      false,
      false,
      false,
      false,
      false,
      false,
      false,
      false,
      false,
      false,
      false,
      false,
      false,
      false,
      false,
      false,
      false,
      false,
      false,
      false,
      false,
      false,
      false,
      false,
      false,
      false,
      false,
      false
    ],
    "n_episodes": 30
  }
}